{
  "model_name": "Bernolli",
  "vectorisation_method": "TfIdf",
  "labels": [
    0,
    1,
    2,
    3
  ],
  "best_score": 0.96,
  "best_metrics": {
    "accuracy": 0.96,
    "f1_macro": 0.6716336295283664,
    "f1_micro": 0.96,
    "f1_weighted": 0.9542109820004556,
    "recall_macro": 0.7045454545454546,
    "recall_micro": 0.96,
    "recall_weighted": 0.96,
    "precision_macro": 0.6592039800995024,
    "precision_micro": 0.96,
    "precision_weighted": 0.95150912106136,
    "loss": 0.6685695980137333
  },
  "trial_params": {
    "smoothing": 0.06515244437588552
  },
  "pre_trained_model": null,
  "model_path": "model\\Bernolli_TfIdf.joblib",
  "vectorizer_path": "model\\Bernolli_TfIdf_vectorizer.joblib",
  "saved_at": "2025-11-24T07:55:50.618297+00:00"
}